-- phpMyAdmin SQL Dump
-- version 5.0.4
-- https://www.phpmyadmin.net/
--
-- 主机： 127.0.0.1
-- 生成日期： 2021-11-06 10:00:56
-- 服务器版本： 10.4.17-MariaDB
-- PHP 版本： 8.0.1

SET SQL_MODE = "NO_AUTO_VALUE_ON_ZERO";
START TRANSACTION;
SET time_zone = "+00:00";


/*!40101 SET @OLD_CHARACTER_SET_CLIENT=@@CHARACTER_SET_CLIENT */;
/*!40101 SET @OLD_CHARACTER_SET_RESULTS=@@CHARACTER_SET_RESULTS */;
/*!40101 SET @OLD_COLLATION_CONNECTION=@@COLLATION_CONNECTION */;
/*!40101 SET NAMES utf8mb4 */;

--
-- 数据库： `isi_test`
--

-- --------------------------------------------------------

--
-- 表的结构 `brand`
--

CREATE TABLE `brand` (
  `b_id` int(10) NOT NULL,
  `b_type` text NOT NULL
) ENGINE=InnoDB DEFAULT CHARSET=utf8mb4;

--
-- 转存表中的数据 `brand`
--

INSERT INTO `brand` (`b_id`, `b_type`) VALUES
(1, 'Apple'),
(2, 'OPPO'),
(3, 'Huawei'),
(4, 'vivo'),
(5, 'Samsung'),
(6, 'Xiaomi'),
(7, 'Sony'),
(8, 'HTC'),
(9, 'Nokia');

-- --------------------------------------------------------

--
-- 表的结构 `category`
--

CREATE TABLE `category` (
  `c_id` int(11) NOT NULL,
  `c_type` text NOT NULL
) ENGINE=InnoDB DEFAULT CHARSET=utf8mb4;

--
-- 转存表中的数据 `category`
--

INSERT INTO `category` (`c_id`, `c_type`) VALUES
(1, 'smartphone'),
(2, 'tablet');

-- --------------------------------------------------------

--
-- 表的结构 `notification`
--

CREATE TABLE `notification` (
  `n_id` int(8) NOT NULL,
  `u_id` int(8) NOT NULL,
  `PNo` int(8) NOT NULL,
  `status` int(1) NOT NULL,
  `time` datetime NOT NULL,
  `isRead` tinyint(1) NOT NULL
) ENGINE=InnoDB DEFAULT CHARSET=utf8mb4;

--
-- 转存表中的数据 `notification`
--

INSERT INTO `notification` (`n_id`, `u_id`, `PNo`, `status`, `time`, `isRead`) VALUES
(1, 52, 182, 3, '2021-03-16 19:52:22', 0),
(2, 25, 66, 2, '2021-03-16 19:57:42', 1),
(3, 30, 73, 2, '2021-03-16 19:57:57', 0),
(4, 30, 70, 2, '2021-03-16 19:58:06', 0),
(5, 30, 70, 2, '2021-03-16 19:58:37', 0),
(6, 52, 184, 4, '2021-03-16 19:58:49', 0),
(7, 52, 184, 2, '2021-03-16 19:59:05', 0),
(8, 54, 185, 2, '2021-03-16 20:10:45', 0),
(9, 56, 186, 4, '2021-03-18 14:21:37', 0),
(10, 56, 186, 2, '2021-03-18 14:22:40', 0),
(11, 56, 187, 3, '2021-03-18 14:23:12', 0),
(12, 40, 195, 2, '2021-03-24 13:08:25', 1),
(13, 40, 195, 2, '2021-03-24 13:08:52', 1),
(14, 40, 195, 2, '2021-03-24 13:09:42', 1),
(15, 58, 199, 3, '2021-03-25 20:00:01', 0),
(16, 40, 193, 4, '2021-03-25 20:00:05', 1),
(17, 40, 193, 4, '2021-03-25 20:03:15', 1),
(18, 40, 194, 4, '2021-03-25 20:03:18', 1),
(19, 40, 191, 4, '2021-03-25 20:03:23', 1),
(20, 40, 194, 2, '2021-03-25 20:03:57', 1),
(21, 40, 194, 2, '2021-03-25 20:04:01', 1),
(22, 40, 200, 2, '2021-03-26 15:43:25', 1),
(23, 40, 193, 2, '2021-03-27 13:58:51', 1),
(24, 40, 193, 2, '2021-03-27 13:59:33', 1),
(25, 40, 193, 2, '2021-03-27 13:59:34', 1),
(26, 40, 116, 2, '2021-03-27 14:09:05', 1),
(27, 40, 201, 4, '2021-04-14 13:07:25', 1),
(28, 40, 201, 3, '2021-04-14 13:07:31', 1),
(29, 40, 204, 2, '2021-04-14 13:09:17', 1),
(30, 59, 207, 2, '2021-04-26 14:58:42', 0),
(31, 59, 207, 2, '2021-04-26 15:00:56', 0),
(32, 59, 206, 2, '2021-04-26 15:01:05', 0),
(33, 40, 203, 4, '2021-04-26 15:01:13', 0),
(34, 59, 208, 4, '2021-04-26 15:07:51', 0),
(35, 59, 208, 4, '2021-04-26 15:08:25', 0),
(36, 59, 207, 2, '2021-04-26 15:08:29', 0),
(37, 59, 206, 4, '2021-04-26 15:08:34', 0),
(38, 59, 207, 2, '2021-04-26 15:10:00', 0),
(39, 59, 207, 2, '2021-04-26 15:10:12', 0),
(40, 59, 205, 4, '2021-04-26 15:10:15', 0),
(41, 40, 204, 3, '2021-04-26 15:10:19', 0),
(42, 40, 203, 3, '2021-04-26 15:10:25', 0),
(43, 40, 201, 3, '2021-04-26 15:10:29', 0),
(44, 40, 202, 3, '2021-04-26 15:10:32', 0),
(45, 58, 199, 4, '2021-04-26 15:11:18', 0),
(46, 40, 200, 4, '2021-04-26 15:11:21', 0),
(47, 58, 198, 4, '2021-04-26 15:11:25', 0),
(48, 58, 197, 4, '2021-04-26 15:11:32', 0),
(49, 58, 196, 4, '2021-04-26 15:11:35', 0),
(50, 59, 208, 3, '2021-04-26 15:13:01', 0),
(51, 59, 205, 3, '2021-04-26 15:13:05', 0),
(52, 60, 209, 2, '2021-04-28 13:10:25', 1),
(53, 60, 210, 2, '2021-04-28 13:50:28', 1),
(54, 63, 215, 3, '2021-04-28 19:05:20', 0),
(55, 63, 215, 3, '2021-04-28 19:09:09', 0),
(56, 63, 215, 3, '2021-04-28 19:09:15', 0),
(57, 63, 215, 3, '2021-04-28 19:09:23', 0),
(58, 63, 215, 3, '2021-04-28 19:09:27', 0),
(59, 63, 215, 3, '2021-04-28 19:09:30', 0),
(60, 63, 215, 3, '2021-04-28 19:09:40', 0),
(61, 63, 215, 3, '2021-04-28 19:09:43', 0),
(62, 63, 214, 2, '2021-04-28 19:09:57', 0),
(63, 63, 214, 4, '2021-04-28 19:10:21', 0),
(64, 63, 214, 2, '2021-04-28 19:11:19', 0),
(65, 63, 215, 3, '2021-04-28 19:13:17', 0),
(66, 63, 215, 3, '2021-04-28 19:13:19', 0),
(67, 63, 215, 3, '2021-04-28 19:13:23', 0),
(68, 63, 215, 3, '2021-04-28 19:16:37', 0),
(69, 63, 213, 3, '2021-04-28 19:16:41', 0),
(70, 25, 212, 4, '2021-04-28 19:19:11', 0),
(71, 25, 212, 2, '2021-04-28 19:19:15', 0),
(72, 60, 211, 4, '2021-04-28 19:19:19', 1),
(73, 60, 211, 3, '2021-04-28 19:19:21', 1),
(74, 59, 206, 2, '2021-04-28 19:21:40', 0),
(75, 58, 198, 2, '2021-04-28 19:21:46', 0),
(76, 58, 199, 2, '2021-04-28 19:21:54', 0),
(77, 501, 219, 2, '2021-04-30 10:05:26', 1);

-- --------------------------------------------------------

--
-- 表的结构 `picture`
--

CREATE TABLE `picture` (
  `pic_id` int(8) NOT NULL,
  `p_id` int(8) NOT NULL,
  `location` text NOT NULL
) ENGINE=InnoDB DEFAULT CHARSET=utf8mb4;

--
-- 转存表中的数据 `picture`
--

INSERT INTO `picture` (`pic_id`, `p_id`, `location`) VALUES
(13, 3, '3_4.webp'),
(14, 3, '3_5.webp'),
(15, 4, '4_1.webp'),
(16, 4, '4_2.webp'),
(17, 4, '4_3.webp'),
(18, 4, '4_4.webp'),
(19, 4, '4_5.webp'),
(20, 5, '5_1.webp'),
(21, 5, '5_2.webp'),
(22, 5, '5_3.webp'),
(23, 5, '5_4.webp'),
(24, 5, '5_5.webp'),
(25, 6, '6_1.jpg'),
(26, 6, '6_2.jpg'),
(27, 6, '6_3.jpg'),
(28, 6, '6_4.jpg'),
(29, 7, '7_1.webp'),
(30, 7, '7_2.webp'),
(31, 7, '7_3.webp'),
(32, 7, '7_4.webp'),
(33, 7, '7_5.webp'),
(34, 8, '8_1.jpg'),
(35, 8, '8_2.jpg'),
(36, 8, '8_3.jpg'),
(37, 8, '8_4.jpg'),
(38, 9, '9_1.jpg'),
(39, 9, '9_2.jpg'),
(40, 9, '9_3.jpg'),
(41, 9, '9_4.jpg'),
(42, 10, '10_1.webp'),
(43, 10, '10_2.webp'),
(44, 10, '10_3.webp'),
(45, 10, '10_4.webp'),
(46, 10, '10_5.webp'),
(47, 11, '11_1.webp'),
(48, 11, '11_2.webp'),
(49, 11, '11_3.webp'),
(50, 11, '11_4.webp'),
(51, 11, '11_5.webp'),
(52, 12, '12_1.webp'),
(53, 12, '12_2.webp'),
(54, 12, '12_3.webp'),
(55, 12, '12_4.webp'),
(56, 12, '12_5.webp'),
(57, 13, '13_1.webp'),
(58, 13, '13_2.webp'),
(59, 13, '13_3.webp'),
(60, 13, '13_4.webp'),
(61, 13, '13_5.webp'),
(62, 14, '14_1.jpg'),
(63, 14, '14_2.jpg'),
(64, 14, '14_3.jpg'),
(65, 14, '14_4.jpg'),
(66, 14, '14_5.jpg'),
(67, 15, '15_1.jpg'),
(68, 15, '15_2.jpg'),
(69, 15, '15_3.jpg'),
(70, 15, '15_4.jpg'),
(71, 15, '15_5.jpg'),
(72, 16, '16_1.jpg'),
(73, 16, '16_2.jpg'),
(74, 16, '16_3.jpg'),
(75, 16, '16_4.jpg'),
(76, 16, '16_5.jpg'),
(77, 17, '17_1.jpg'),
(78, 17, '17_2.jpg'),
(79, 17, '17_3.jpg'),
(80, 17, '17_4.jpg'),
(81, 17, '17_5.jpg'),
(82, 18, '18_1.jpg'),
(83, 18, '18_2.jpg'),
(84, 18, '18_3.jpg'),
(85, 18, '18_4.jpg'),
(86, 18, '18_5.jpg'),
(87, 19, '19_1.jpg'),
(88, 19, '19_2.jpg'),
(89, 19, '19_3.jpg'),
(90, 19, '19_4.jpg'),
(91, 20, '20_1.jpg'),
(92, 20, '20_2.jpg'),
(93, 20, '20_3.jpg'),
(94, 20, '20_4.jpg'),
(95, 20, '20_5.jpg'),
(96, 21, '21_1.jpg'),
(97, 21, '21_2.jpg'),
(98, 21, '21_3.jpg'),
(99, 21, '21_4.jpg'),
(100, 21, '21_5.jpg'),
(101, 22, '22_1.jpg'),
(102, 22, '22_2.jpg'),
(103, 22, '22_3.jpg'),
(104, 22, '22_4.jpg'),
(105, 22, '22_5.jpg'),
(106, 23, '23_.jpg'),
(107, 23, '23_1.jpg'),
(108, 23, '23_3.jpg'),
(109, 23, '23_4.jpg'),
(110, 24, '24_1.jpg'),
(111, 24, '24_2.jpg'),
(112, 24, '24_3.jpg'),
(113, 24, '24_4.jpg'),
(114, 24, '24_5.jpg'),
(115, 25, '25_1.jpg'),
(116, 25, '25_2.jpg'),
(117, 25, '25_3.jpg'),
(118, 25, '25_4.jpg'),
(119, 26, '26_1.jpg'),
(120, 26, '26_2.jpg'),
(121, 26, '26_3.jpg'),
(122, 26, '26_4.jpg'),
(123, 26, '26_5.jpg'),
(124, 27, '27_1.jpg'),
(125, 27, '27_2.png'),
(126, 27, '27_3.png'),
(127, 27, '27_4.png'),
(128, 28, '28_1.jpg'),
(129, 28, '28_2.jpg'),
(130, 28, '28_3.jpg'),
(131, 28, '28_4.jpg'),
(132, 28, '28_5.jpg'),
(133, 29, '29_1.jpg'),
(134, 29, '29_2.jpg'),
(135, 29, '29_3.jpg'),
(136, 29, '29_4.jpg'),
(137, 29, '29_5.jpg'),
(138, 30, '30_1.jpg'),
(139, 30, '30_2.jpg'),
(140, 30, '30_3.jpg'),
(141, 30, '30_4.jpg'),
(142, 30, '30_5.jpg'),
(143, 31, '31_1.jpg'),
(144, 31, '31_2.jpg'),
(145, 31, '31_3.jpg'),
(146, 31, '31_4.jpg'),
(147, 31, '31_5.jpg'),
(148, 32, '32_1.jpg'),
(149, 32, '32_2.jpg'),
(150, 32, '32_3.jpg'),
(151, 32, '32_4.jpg'),
(152, 32, '32_5.jpg'),
(153, 33, '33_1.jpg'),
(154, 33, '33_2.jpg'),
(155, 33, '33_3.jpg'),
(156, 33, '33_4.jpg'),
(157, 33, '33_5.jpg'),
(158, 34, '34_1.jpg'),
(159, 34, '34_2.jpg'),
(160, 34, '34_3.jpg'),
(161, 34, '34_4.jpg'),
(162, 34, '34_5.jpg'),
(163, 35, '35_1.jpg'),
(164, 35, '35_2.jpg'),
(165, 35, '35_3.jpg'),
(166, 36, '36_1.jpg'),
(167, 36, '36_2.jpg'),
(168, 36, '36_3.jpg'),
(169, 36, '36_4.jpg'),
(170, 36, '36_5.jpg'),
(171, 37, '37_1.jpg'),
(172, 37, '37_2.jpg'),
(173, 37, '37_3.jpg'),
(174, 37, '37_4.jpg'),
(175, 37, '37_5.jpg'),
(176, 38, '38_1.jpg'),
(177, 38, '38_2.jpg'),
(178, 38, '38_3.jpg'),
(179, 38, '38_4.jpg'),
(180, 38, '38_5.jpg'),
(181, 39, '39_1.jpg'),
(182, 39, '39_2.jpg'),
(183, 39, '39_3.jpg'),
(184, 39, '39_4.jpg'),
(185, 40, '40_1.jpg'),
(186, 40, '40_2.jpg'),
(187, 40, '40_3.jpg'),
(188, 40, '40_4.jpg'),
(189, 40, '40_5.jpg'),
(190, 41, '41_1.jpg'),
(191, 41, '41_2.jpg'),
(192, 41, '41_3.jpg'),
(193, 41, '41_4.jpg'),
(194, 42, '42_1.jpg'),
(195, 42, '42_2.jpg'),
(196, 42, '42_3.jpg'),
(197, 42, '42_4.jpg'),
(198, 42, '42_5.jpg'),
(199, 43, '43_1.jpg'),
(200, 43, '43_2.jpg'),
(201, 43, '43_3.jpg'),
(202, 44, '44_1.jpg'),
(203, 44, '44_2.jpg'),
(204, 44, '44_3.jpg'),
(205, 44, '44_4.jpg'),
(206, 44, '44_5.jpg'),
(207, 45, '45_1.jpg'),
(208, 45, '45_2.png'),
(209, 45, '45_3.jpg'),
(210, 45, '45_4.png'),
(211, 45, '45_5.png'),
(212, 46, '46_1.jpg'),
(213, 46, '46_2.jpg'),
(214, 46, '46_3.jpg'),
(215, 46, '46_4.jpg'),
(216, 46, '46_5.jpg'),
(217, 47, '47_1.jpg'),
(218, 47, '47_2.jpg'),
(219, 47, '47_3.jpg'),
(220, 47, '47_4.jpg'),
(221, 47, '47_5.jpg'),
(222, 48, '48_1.jpg'),
(223, 48, '48_2.jpg'),
(224, 48, '48_3.jpg'),
(225, 48, '48_4.jpg'),
(226, 48, '48_5.jpg'),
(227, 49, '49_1.jpg'),
(228, 49, '49_2.jpg'),
(229, 49, '49_3.jpg'),
(230, 49, '49_4.jpg'),
(231, 49, '49_5.jpg'),
(232, 50, '50_1.jpg'),
(233, 50, '50_2.jpg'),
(234, 50, '50_3.jpg'),
(235, 50, '50_4.jpg'),
(236, 50, '50_5.jpg'),
(237, 51, '51_1.jpg'),
(238, 51, '51_2.jpg'),
(239, 51, '51_3.jpg'),
(240, 51, '51_4.jpg'),
(241, 51, '51_5.jpg'),
(242, 52, '52_1.jpg'),
(243, 52, '52_2.jpg'),
(244, 52, '52_3.jpg'),
(245, 52, '52_4.jpg'),
(246, 52, '52_5.jpg'),
(247, 53, '53_1.jpg'),
(248, 53, '53_2.jpg'),
(249, 53, '53_3.jpg'),
(250, 53, '53_4.jpg'),
(251, 53, '53_5.jpg'),
(252, 54, '54_1.jpg'),
(253, 54, '54_2.jpg'),
(254, 54, '54_3.jpg'),
(255, 54, '54_4.jpg'),
(256, 54, '54_5.jpg'),
(257, 55, '55_1.jpg'),
(258, 55, '55_2.jpg'),
(259, 55, '55_3.jpg'),
(260, 55, '55_4.jpg'),
(261, 55, '55_5.jpg'),
(262, 56, '56_1.webp'),
(263, 56, '56_2.webp'),
(264, 56, '56_3.webp'),
(265, 57, '57_1.jpg'),
(266, 57, '57_2.jpg'),
(267, 57, '57_3.jpg'),
(268, 57, '57_4.jpg'),
(269, 57, '57_5.jpg'),
(270, 58, '58_1.jpg'),
(271, 58, '58_2.jpg'),
(272, 58, '58_3.jpg'),
(273, 58, '58_4.jpg'),
(274, 58, '58_5.jpg'),
(275, 59, '59_1.jpg'),
(276, 59, '59_2.jpg'),
(277, 59, '59_3.jpg'),
(278, 59, '59_4.jpg'),
(279, 59, '59_5.jpg'),
(294, 50, '1_4.webp'),
(295, 50, '1_4.webp'),
(296, 50, '7 (3).webp'),
(315, 3, '6_3.jpg'),
(316, 3, '10_5.webp'),
(317, 3, '20_5.jpg'),
(426, 2, '8_3.jpg'),
(428, 2, '18_5.jpg'),
(429, 2, '38_1.jpg'),
(430, 2, '35_2.jpg'),
(431, 2, '51_5.jpg'),
(439, 1, '3_2.webp'),
(440, 1, '3_3.webp'),
(441, 1, '1_4.webp'),
(442, 1, '1_3.webp'),
(444, 1, '3_1.webp'),
(445, 325, '17_4.jpg'),
(446, 325, '1_4.webp'),
(447, 325, '3_3.webp'),
(448, 325, '1_2.webp'),
(449, 325, '3_2.webp'),
(450, 340, '1_3.webp'),
(451, 341, '3_3.webp'),
(460, 344, '1527128661.png'),
(467, 342, 'getting-students-practice-190114.jpg');

-- --------------------------------------------------------

--
-- 表的结构 `product`
--

CREATE TABLE `product` (
  `p_id` int(8) NOT NULL,
  `c_id` int(8) NOT NULL,
  `b_id` int(8) NOT NULL,
  `pname` text NOT NULL,
  `description` text NOT NULL,
  `price` double NOT NULL,
  `oldprice` double NOT NULL,
  `inventory` int(5) NOT NULL,
  `monSize` double NOT NULL,
  `OS` text NOT NULL,
  `memory` int(3) NOT NULL,
  `f_cam` int(5) DEFAULT NULL,
  `b_cam` int(5) DEFAULT NULL,
  `RAM` int(3) NOT NULL
) ENGINE=InnoDB DEFAULT CHARSET=utf8mb4;

--
-- 转存表中的数据 `product`
--

INSERT INTO `product` (`p_id`, `c_id`, `b_id`, `pname`, `description`, `price`, `oldprice`, `inventory`, `monSize`, `OS`, `memory`, `f_cam`, `b_cam`, `RAM`) VALUES
(1, 1, 1, 'test', '3', 1, 2, 10, 53, '2', 3, 4, 53, 6),
(2, 1, 1, 'iPhone 11 (127GB)      ', 'iPhone is good.\r\n            iPhone is good.', 6000, 6725, 50, 6.1, 'IOS      ', 128, 1200, 1200, 4),
(3, 1, 1, 'iPhone 12 Pro Max (128GB) ', '  iphone is bad', 8800, 9475, 99999, 6.7, 'IOS ', 128, 1200, 1200, 6),
(4, 1, 1, 'iPhone 12 Pro (128GB)', '', 8175, 8475, 0, 6.1, 'IOS', 128, 1200, 1200, 6),
(5, 1, 1, 'iPhone 12 Pro Max (256GB)', '', 9550, 10350, 0, 6.7, 'IOS', 256, 1200, 1200, 6),
(6, 1, 1, 'iPhone SE (2020) 128GB', '', 3375, 4125, 999, 4.7, 'IOS', 128, 700, 1200, 3),
(7, 1, 1, 'iPhone 12 mini (128GB)', '', 5725, 6375, 0, 5.4, 'IOS', 128, 1200, 1200, 4),
(8, 1, 1, 'iPhone 11 (64GB)', '', 4600, 6225, 0, 6.1, 'IOS', 64, 1200, 1200, 4),
(9, 1, 1, 'iPhone 11 Pro Max (256GB)', '', 8625, 11350, 0, 6.5, 'IOS', 256, 1200, 1200, 4),
(10, 1, 1, 'iPhone 12 (64GB)', '', 5925, 6725, 0, 6.1, 'IOS', 64, 1200, 1200, 4),
(11, 1, 1, 'iPhone XS Max (256GB)', '', 7225, 11375, 0, 6.5, 'IOS', 256, 700, 1200, 4),
(12, 1, 1, 'iPhone 12 Pro (256GB)', '', 8800, 9350, 0, 6.1, 'IOS', 256, 1200, 1200, 6),
(13, 1, 1, 'iPhone XR (128GB)', '', 4625, 7225, 0, 6.1, 'IOS', 128, 700, 1200, 3),
(14, 1, 5, 'Samsung Galaxy A51', '', 1900, 3247.5, 0, 6.5, 'Android', 128, 3200, 4800, 6),
(15, 1, 5, 'Samsung Galaxy S21 Ultra (16GB/512GB)', '', 9750, 10975, 0, 6.8, 'Android', 512, 4000, 10800, 16),
(16, 1, 5, 'Samsung Galaxy A21s', '', 1300, 1747.5, 0, 6.5, 'Android', 64, 1300, 4800, 4),
(17, 1, 5, 'Samsung Galaxy S20 FE (6GB/128GB)', '', 4275, 5997.5, 0, 6.5, 'Android', 128, 3200, 1200, 6),
(18, 1, 5, 'Samsung Galaxy S20+', '', 6325, 9225, 0, 6.7, 'Android', 128, 1000, 1200, 12),
(19, 1, 5, 'Samsung Galaxy A31', '', 1675, 2497.5, 0, 6.4, 'Android', 128, 2000, 4800, 6),
(20, 1, 5, 'Samsung Galaxy Note 20 (8GB/256GB)', '', 5850, 8975, 0, 6.7, 'Android', 256, 1000, 1200, 8),
(21, 1, 5, 'Samsung Galaxy A42 5G (8GB/128GB)', '', 2300, 3497.5, 0, 6.6, 'Android', 128, 2000, 4800, 8),
(22, 1, 5, 'Samsung Galaxy A51 5G', '', 2325, 4247.5, 0, 6.5, 'Android', 128, 3200, 4800, 6),
(23, 1, 5, 'Samsung Galaxy Note 10+ (12GB/256GB)', '', 5350, 9225, 0, 6.8, 'Android', 256, 1000, 1200, 12),
(24, 1, 5, 'Samsung Galaxy S20', '', 6075, 8225, 0, 6.2, 'Android', 128, 1000, 1200, 12),
(25, 1, 5, 'Samsung A32 5G (4GB/64GB)', '', 1725, 2122.5, 0, 6.5, 'Android', 64, 1300, 4800, 4),
(26, 1, 5, 'Samsung Galaxy S21 (8GB/128GB)', '', 5875, 6475, 0, 6.2, 'Android', 256, 1000, 1200, 8),
(27, 1, 5, 'Samsung Galaxy M11', '', 975, 997.5, 0, 6.4, 'Android', 32, 800, 1300, 3),
(28, 1, 5, 'Samsung Galaxy S20 Ultra (12GB / 256GB)', '', 7075, 10975, 50, 6.9, 'Android', 256, 4000, 10800, 12),
(29, 1, 5, 'Samsung Galaxy S21+ (8GB/128GB)', '', 6750, 7725, 0, 6.7, 'Android', 256, 1000, 1200, 8),
(30, 1, 5, 'Samsung Galaxy Note 10', '', 4925, 7975, 0, 6.3, 'Android', 256, 1000, 1200, 8),
(31, 1, 5, 'Samsung Galaxy S20 FE (8GB/256GB)', '', 5725, 6497.5, 0, 6.5, 'Android', 256, 3200, 1200, 8),
(32, 1, 5, 'Samsung Galaxy Note 20 Ultra (12GB/512GB)', '', 9750, 11725, 0, 6.9, 'Android', 512, 1000, 10800, 12),
(33, 1, 5, 'Samsung Galaxy Z Fold 2', '', 15625, 17972, 0, 7.7, 'Android', 512, 1000, 1200, 12),
(34, 1, 5, 'Samsung Galaxy Note 10+ (12GB/512GB)', '', 7875, 9975, 0, 6.8, 'Android', 512, 1000, 1200, 12),
(35, 1, 2, 'OPPO A72', '', 1475, 2247.5, 0, 6.5, 'Android', 128, 1600, 4800, 12),
(36, 1, 2, 'OPPO Reno 4 Pro', '', 3925, 5997.5, 0, 6.5, 'Android', 256, 3200, 4800, 4),
(37, 1, 2, 'OPPO A31', '', 1200, 1497.5, 0, 6.5, 'Android', 128, 800, 1200, 12),
(38, 1, 2, 'OPPO Find X2 Pro', '', 7750, 9247.5, 0, 6.7, 'Android', 512, 3200, 4800, 8),
(39, 1, 4, 'vivo Y20s (6GB/128GB)', '', 1225, 1747.5, 0, 6.51, 'Android', 128, 800, 1300, 6),
(40, 1, 4, 'vivo Y19', '', 1350, 1997.5, 0, 6.53, 'Android', 128, 1600, 1600, 6),
(41, 1, 4, 'vivo Y12', '', 825, 1247.5, 0, 6.35, 'Android', 64, 800, 1300, 3),
(42, 1, 4, 'vivo V17 Pro', '', 2200, 3247.5, 0, 6.44, 'Android', 128, 3200, 4800, 8),
(43, 1, 8, 'HTC Desire 20+', '', 1625, 2122.5, 0, 6.5, 'Android', 128, 1600, 4800, 6),
(44, 1, 8, 'HTC Desire 21 Pro 5G', '', 2975, 3247.5, 0, 6.7, 'Android', 128, 1600, 4800, 8),
(45, 1, 8, 'HTC Desire 20 Pro', '', 1625, 2247.5, 0, 6.5, 'Android', 128, 2500, 4800, 6),
(46, 1, 8, 'HTC Desire 19+ (6GB/128GB)', '', 1500, 2747.5, 0, 6.2, 'Android', 128, 1600, 1300, 6),
(47, 1, 3, 'HUAWEI Mate 40 Pro ', '', 8, 8, 0, 6.76, 'Android', 256, 1300, 8200, 8),
(48, 1, 3, 'HUAWEI Y9S ', '', 1, 1988, 0, 6.59, 'Android', 128, 1600, 5800, 8),
(49, 1, 3, 'HUAWEI Nova 7 ', '', 3, 3688, 0, 6.53, 'Android', 256, 3200, 8200, 8),
(50, 1, 3, 'HUAWEI P40 Pro+ ', '', 9, 9888, 0, 6.58, 'Android', 512, 3200, 10600, 8),
(51, 1, 6, 'xiaomi 10T 5G', '', 3270, 3, 0, 6.67, 'Android', 128, 2000, 8200, 6),
(52, 1, 6, 'xiaomi Note 9T 5G', '', 1464, 1, 0, 6.53, 'Android', 64, 1300, 5200, 4),
(53, 1, 6, 'xiaomi 9C', '', 738, 899, 0, 6.53, 'Android', 64, 500, 1700, 3),
(54, 1, 6, 'xiaomi 9A', '', 596, 699, 0, 6.53, 'Android', 32, 500, 1300, 2),
(55, 1, 6, 'xiaomi 9', '', 877, 999, 0, 6.53, 'Android', 32, 800, 2800, 3),
(56, 1, 9, 'NOKIA 8000 4G', '', 0, 798, 0, 2.8, 'Kai OS', 4, 0, 200, 1),
(57, 1, 9, 'NOKIA 5.4 ', '', 0, 1, 0, 6.39, 'Android 10', 128, 1600, 2700, 4),
(58, 1, 7, 'SONY Xperia 10 II', '', 0, 0, 0, 6, 'Android', 128, 800, 2800, 4),
(59, 1, 7, 'SONY Xperia 1', '', 0, 6999, 0, 6.5, 'Android', 128, 800, 3600, 6),
(324, 1, 1, 'Ben Phong', 'Ben is the best!', 999, 10000, 123, 123, '123', 123, 123, 123, 1123),
(325, 1, 1, 'Ben Phong', 'Ben is the best!', 999, 10000, 123, 123, '123', 123, 123, 123, 1123),
(340, 1, 1, '123', '213', 123, 213, 123, 123, '123', 213, 123, 123, 123),
(341, 1, 1, '123123444444123123A', '123', 123, 123, 123, 123, '123', 12312, 123, 123, 123),
(342, 1, 1, '123123444444123123A', '123', 123, 123, 123, 123, '123', 12312, 123, 123, 123),
(343, 1, 1, 'test123', '123123', 123, 123, 123, 123, '123', 123123, 123, 123, 123),
(344, 1, 1, '12131', '12321', 1111, 222, 1212, 111, '15151', 121212, 1000, 5000, 12121),
(345, 1, 1, 'test', '', 123, 123, 123, 123, '123', 123, 123, 123, 123),
(346, 1, 1, 'test', '', 123, 123, 123, 123, '123123', 123, 123, 123, 123),
(347, 1, 1, 'test', '123', 123, 123, 123, 123, '123', 123, 123, 123, 123);

-- --------------------------------------------------------

--
-- 表的结构 `purchaseorder`
--

CREATE TABLE `purchaseorder` (
  `PNo` int(8) NOT NULL,
  `uID` int(8) NOT NULL,
  `status` tinyint(1) NOT NULL,
  `purchasedDate` datetime NOT NULL,
  `cancelDate` datetime NOT NULL,
  `develiveryDate` datetime DEFAULT NULL,
  `cal_User` text NOT NULL,
  `po_subtotal` double NOT NULL
) ENGINE=InnoDB DEFAULT CHARSET=utf8mb4;

--
-- 转存表中的数据 `purchaseorder`
--

INSERT INTO `purchaseorder` (`PNo`, `uID`, `status`, `purchasedDate`, `cancelDate`, `develiveryDate`, `cal_User`, `po_subtotal`) VALUES
(62, 25, 3, '2021-03-04 20:22:51', '2021-03-04 22:37:01', NULL, '0123', 300000),
(63, 25, 2, '2021-03-04 21:21:11', '2021-03-04 22:17:51', NULL, '0', 468750),
(64, 25, 3, '2021-03-04 22:36:01', '2021-03-04 22:37:04', NULL, '0', 816250),
(65, 27, 2, '2021-03-05 12:00:38', '0000-00-00 00:00:00', NULL, '0', 468750),
(66, 25, 2, '2021-03-05 12:13:09', '0000-00-00 00:00:00', '2021-03-16 19:57:42', '0', 300000),
(67, 29, 2, '2021-03-05 12:15:08', '0000-00-00 00:00:00', NULL, '0', 300000),
(68, 30, 2, '2021-03-05 14:38:36', '0000-00-00 00:00:00', NULL, '0', 708750),
(69, 30, 3, '2021-03-05 14:39:26', '2021-03-05 15:08:56', NULL, '0', 1155000),
(70, 30, 2, '2021-03-05 14:39:46', '0000-00-00 00:00:00', '2021-03-16 19:58:37', '0', 411322),
(71, 30, 4, '2021-03-05 14:41:01', '0000-00-00 00:00:00', NULL, '0', 0),
(72, 30, 4, '2021-03-05 14:41:19', '0000-00-00 00:00:00', NULL, '0', 43850),
(73, 30, 2, '2021-03-05 16:04:32', '0000-00-00 00:00:00', '2021-03-16 19:57:57', '0', 0),
(74, 30, 2, '2021-03-05 16:45:48', '0000-00-00 00:00:00', '2021-03-16 19:56:36', '0', 328650),
(75, 30, 4, '2021-03-05 17:38:32', '0000-00-00 00:00:00', NULL, '0', 93350),
(76, 30, 2, '2021-03-05 18:36:43', '0000-00-00 00:00:00', NULL, '0', 335225),
(77, 32, 2, '2021-03-09 14:01:45', '0000-00-00 00:00:00', NULL, '0', 2736925),
(78, 33, 3, '2021-03-10 13:12:05', '2021-03-10 13:15:26', NULL, '0', 502250),
(79, 33, 3, '2021-03-10 13:12:35', '2021-03-16 17:57:07', NULL, 'admin', 33750),
(80, 33, 2, '2021-03-10 13:12:45', '0000-00-00 00:00:00', '2021-03-16 18:40:54', '0', 172500),
(81, 40, 3, '2021-03-13 13:55:22', '2021-03-13 18:42:36', NULL, '0', 14800),
(82, 40, 3, '2021-03-13 13:57:34', '2021-03-13 16:46:54', NULL, '0', 0),
(83, 40, 3, '2021-03-13 13:57:43', '2021-03-13 16:47:00', NULL, '0', 0),
(84, 40, 3, '2021-03-13 13:57:52', '2021-03-13 16:46:58', NULL, '0', 6000),
(85, 40, 3, '2021-03-13 13:58:22', '2021-03-13 16:47:02', NULL, '0', 0),
(86, 40, 3, '2021-03-13 13:58:52', '2021-03-13 16:47:04', NULL, '0', 0),
(87, 40, 3, '2021-03-13 13:59:23', '2021-03-13 16:47:05', NULL, '0', 0),
(88, 40, 3, '2021-03-13 13:59:53', '2021-03-13 16:47:07', NULL, '0', 0),
(89, 40, 3, '2021-03-13 14:00:23', '2021-03-13 16:47:10', NULL, '0', 0),
(90, 40, 3, '2021-03-13 14:00:44', '2021-03-13 18:38:22', NULL, '0', 14800),
(91, 40, 3, '2021-03-13 14:01:05', '2021-03-13 18:42:40', NULL, '0', 8800),
(92, 40, 3, '2021-03-13 14:01:35', '2021-03-13 18:42:42', NULL, '0', 0),
(93, 40, 3, '2021-03-13 14:02:05', '2021-03-13 18:42:45', NULL, '0', 0),
(94, 40, 3, '2021-03-13 14:02:36', '2021-03-13 18:42:44', NULL, '0', 0),
(95, 40, 3, '2021-03-13 14:03:06', '2021-03-13 18:42:51', NULL, '0', 0),
(96, 40, 3, '2021-03-13 14:03:36', '2021-03-13 18:42:49', NULL, '0', 0),
(97, 40, 3, '2021-03-13 14:04:06', '2021-03-13 18:42:47', NULL, '0', 0),
(98, 40, 3, '2021-03-13 14:04:36', '2021-03-13 18:42:54', NULL, '0', 0),
(99, 40, 3, '2021-03-13 14:05:06', '2021-03-13 18:42:57', NULL, '0', 0),
(100, 40, 3, '2021-03-13 14:05:37', '2021-03-13 18:42:56', NULL, '0', 0),
(101, 40, 3, '2021-03-13 14:06:07', '2021-03-13 18:42:59', NULL, '0', 0),
(102, 40, 3, '2021-03-13 14:06:37', '2021-03-13 18:43:02', NULL, '0', 0),
(103, 40, 3, '2021-03-13 14:07:07', '2021-03-13 18:45:30', NULL, 'BenLeong12123', 0),
(104, 40, 3, '2021-03-13 14:07:37', '2021-03-13 18:43:05', NULL, '0', 0),
(105, 40, 3, '2021-03-13 14:08:08', '2021-03-13 18:43:21', NULL, '0', 0),
(106, 40, 3, '2021-03-13 14:08:38', '2021-03-13 18:48:45', NULL, 'BenLeong12123', 0),
(107, 40, 3, '2021-03-13 14:09:08', '2021-03-13 18:45:43', NULL, 'BenLeong12123', 0),
(108, 40, 3, '2021-03-13 14:09:38', '2021-03-13 18:48:54', NULL, 'BenLeong12123', 0),
(109, 40, 3, '2021-03-13 14:10:08', '2021-03-13 18:48:57', NULL, 'BenLeong12123', 0),
(110, 40, 3, '2021-03-13 14:10:38', '2021-03-13 18:49:00', NULL, 'BenLeong12123', 0),
(111, 40, 3, '2021-03-13 14:11:09', '2021-03-13 18:49:14', NULL, 'BenLeong12123', 0),
(112, 40, 3, '2021-03-13 14:11:39', '2021-03-13 18:49:12', NULL, 'BenLeong12123', 0),
(113, 40, 3, '2021-03-13 14:12:09', '2021-03-13 18:49:17', NULL, 'BenLeong12123', 0),
(114, 40, 3, '2021-03-13 14:12:39', '2021-03-13 18:49:20', NULL, 'BenLeong12123', 0),
(115, 40, 2, '2021-03-13 14:13:09', '0000-00-00 00:00:00', '2021-03-16 18:48:48', '0', 0),
(116, 40, 2, '2021-03-13 14:13:40', '0000-00-00 00:00:00', '2021-03-27 14:09:05', '0', 0),
(117, 40, 2, '2021-03-13 14:14:10', '0000-00-00 00:00:00', '2021-03-16 18:40:05', '0', 0),
(118, 40, 4, '2021-03-13 14:14:40', '0000-00-00 00:00:00', NULL, '0', 0),
(119, 40, 2, '2021-03-13 14:15:10', '0000-00-00 00:00:00', '2021-03-16 18:38:20', '0', 0),
(120, 40, 2, '2021-03-13 14:15:40', '0000-00-00 00:00:00', '2021-03-16 18:49:51', '0', 0),
(121, 40, 2, '2021-03-13 14:16:11', '0000-00-00 00:00:00', '2021-03-16 18:40:09', '0', 0),
(122, 40, 2, '2021-03-13 14:16:41', '0000-00-00 00:00:00', NULL, '0', 0),
(123, 40, 2, '2021-03-13 14:17:11', '0000-00-00 00:00:00', NULL, '0', 0),
(124, 40, 2, '2021-03-13 14:17:41', '0000-00-00 00:00:00', NULL, '0', 0),
(125, 40, 2, '2021-03-13 14:18:11', '0000-00-00 00:00:00', NULL, '0', 0),
(126, 40, 2, '2021-03-13 14:18:41', '0000-00-00 00:00:00', NULL, '0', 0),
(127, 40, 3, '2021-03-13 14:19:12', '2021-03-16 17:32:26', NULL, 'admin', 0),
(128, 40, 3, '2021-03-13 14:19:42', '2021-03-16 17:59:32', NULL, 'admin', 0),
(129, 40, 2, '2021-03-13 14:20:12', '0000-00-00 00:00:00', NULL, '0', 0),
(130, 40, 2, '2021-03-13 14:20:42', '0000-00-00 00:00:00', NULL, '0', 0),
(131, 40, 2, '2021-03-13 14:21:12', '0000-00-00 00:00:00', NULL, '0', 0),
(132, 40, 2, '2021-03-13 14:21:42', '0000-00-00 00:00:00', NULL, '0', 0),
(133, 40, 3, '2021-03-13 14:22:13', '2021-03-16 17:32:20', NULL, 'admin', 0),
(134, 40, 2, '2021-03-13 14:22:43', '0000-00-00 00:00:00', NULL, '0', 0),
(135, 40, 2, '2021-03-13 14:23:13', '0000-00-00 00:00:00', NULL, '0', 0),
(136, 40, 3, '2021-03-13 14:23:43', '2021-03-13 18:55:59', NULL, 'BenLeong12123', 0),
(137, 40, 3, '2021-03-13 14:24:13', '2021-03-13 18:55:08', NULL, 'BenLeong12123', 0),
(138, 40, 3, '2021-03-13 14:24:44', '2021-03-13 18:55:06', NULL, 'BenLeong12123', 0),
(139, 40, 3, '2021-03-13 14:25:14', '2021-03-13 18:55:04', NULL, 'BenLeong12123', 0),
(140, 40, 3, '2021-03-13 14:25:44', '2021-03-13 18:55:02', NULL, 'BenLeong12123', 0),
(141, 40, 3, '2021-03-13 14:26:14', '2021-03-13 18:55:00', NULL, 'BenLeong12123', 0),
(142, 40, 3, '2021-03-13 14:26:44', '2021-03-13 18:54:57', NULL, 'BenLeong12123', 0),
(143, 40, 3, '2021-03-13 14:27:14', '2021-03-13 18:54:56', NULL, 'BenLeong12123', 0),
(144, 40, 3, '2021-03-13 14:27:45', '2021-03-13 18:54:52', NULL, 'BenLeong12123', 0),
(145, 40, 3, '2021-03-13 14:28:53', '2021-03-13 18:54:54', NULL, 'BenLeong12123', 1),
(146, 40, 3, '2021-03-13 14:29:24', '2021-03-13 18:54:51', NULL, 'BenLeong12123', 0),
(147, 40, 3, '2021-03-13 14:29:40', '2021-03-13 18:54:49', NULL, 'BenLeong12123', 16975),
(149, 40, 3, '2021-03-13 14:30:40', '2021-03-13 18:54:47', NULL, 'BenLeong12123', 0),
(150, 40, 3, '2021-03-13 14:31:10', '2021-03-13 18:54:48', NULL, 'BenLeong12123', 0),
(151, 40, 3, '2021-03-13 14:31:40', '2021-03-13 18:54:45', NULL, 'BenLeong12123', 0),
(155, 40, 3, '2021-03-13 14:34:59', '2021-03-13 18:54:44', NULL, 'BenLeong12123', 8800),
(156, 40, 3, '2021-03-13 14:36:01', '2021-03-13 18:54:25', NULL, 'BenLeong12123', 6001),
(162, 40, 3, '2021-03-13 14:53:57', '2021-03-13 18:54:26', NULL, 'BenLeong12123', 39378),
(163, 40, 3, '2021-03-13 15:31:14', '2021-03-13 18:54:22', NULL, 'BenLeong12123', 1082400),
(164, 40, 3, '2021-03-13 16:13:03', '2021-03-13 18:54:21', NULL, 'BenLeong12123', 210000),
(165, 40, 3, '2021-03-13 16:13:05', '2021-03-13 18:54:18', NULL, 'BenLeong12123', 0),
(166, 40, 3, '2021-03-13 18:52:08', '2021-03-13 18:54:20', NULL, 'BenLeong12123', 14800),
(167, 40, 3, '2021-03-13 18:58:09', '2021-03-16 17:31:40', NULL, 'admin', 8800),
(168, 40, 3, '2021-03-13 19:56:05', '2021-03-13 22:23:07', NULL, 'BenLeong12123', 722700),
(169, 46, 3, '2021-03-13 22:16:41', '2021-03-13 22:18:35', NULL, 'Calana123123', 1),
(170, 46, 3, '2021-03-13 22:19:54', '2021-03-13 22:20:45', NULL, 'Calana123123', 22975),
(171, 46, 3, '2021-03-13 22:20:36', '2021-03-13 22:20:43', NULL, 'Calana123123', 30975),
(172, 46, 3, '2021-03-13 22:20:56', '2021-03-16 17:31:44', NULL, 'admin', 8175),
(173, 46, 3, '2021-03-13 22:21:53', '2021-03-16 17:32:23', NULL, 'admin', 22976),
(174, 40, 3, '2021-03-13 23:38:29', '2021-03-15 11:41:41', NULL, 'BenLeong12123', 6000),
(175, 40, 3, '2021-03-15 11:41:26', '2021-03-15 11:41:39', NULL, 'BenLeong12123', 114450),
(176, 47, 3, '2021-03-15 11:43:47', '2021-03-15 11:43:54', NULL, 'aaa123', 8800),
(177, 48, 3, '2021-03-15 11:47:57', '2021-03-15 11:48:03', NULL, '123123a', 0),
(178, 48, 3, '2021-03-15 11:48:25', '2021-03-15 11:49:15', NULL, '123123a', 0),
(179, 48, 3, '2021-03-15 11:48:42', '2021-03-15 11:49:09', NULL, '123123a', 6000),
(180, 48, 2, '2021-03-15 11:50:51', '0000-00-00 00:00:00', NULL, '123', 1),
(181, 48, 3, '2021-03-15 13:58:03', '2021-03-16 17:31:16', NULL, 'admin', 9),
(182, 52, 3, '2021-03-16 19:08:27', '2021-03-16 19:54:49', NULL, 'admin', 82800),
(183, 52, 2, '2021-03-16 19:09:28', '0000-00-00 00:00:00', '2021-03-16 19:54:51', '', 35200),
(184, 52, 2, '2021-03-16 19:58:33', '0000-00-00 00:00:00', '2021-03-16 19:59:05', '', 6000),
(185, 54, 2, '2021-03-16 20:03:37', '0000-00-00 00:00:00', '2021-03-16 20:10:45', '', 1),
(186, 56, 2, '2021-03-18 13:54:04', '0000-00-00 00:00:00', '2021-03-18 14:22:40', '', 23325),
(187, 56, 3, '2021-03-18 13:55:18', '2021-03-18 14:23:12', NULL, 'admin', 12000),
(188, 56, 3, '2021-03-18 13:55:35', '2021-03-18 13:57:02', NULL, 'BenL', 1475),
(189, 40, 3, '2021-03-18 18:58:22', '2021-03-18 18:58:28', NULL, 'BenLeong12123', 1),
(190, 40, 3, '2021-03-22 11:45:52', '2021-03-22 12:16:18', NULL, 'BenLeong12123', 10825),
(191, 40, 4, '2021-03-22 11:49:00', '0000-00-00 00:00:00', NULL, '', 9550),
(192, 40, 3, '2021-03-22 11:51:21', '2021-03-22 12:16:19', NULL, 'BenLeong12123', 3375),
(193, 40, 2, '2021-03-22 11:52:34', '0000-00-00 00:00:00', '2021-03-27 13:59:34', '', 5725),
(194, 40, 2, '2021-03-24 13:06:03', '0000-00-00 00:00:00', '2021-03-25 20:04:01', '', 6000),
(195, 40, 2, '2021-03-24 13:06:25', '0000-00-00 00:00:00', '2021-03-24 13:09:42', '', 8800),
(196, 58, 4, '2021-03-25 19:45:38', '2021-03-25 19:46:06', NULL, 'Benleong22', 6000),
(197, 58, 4, '2021-03-25 19:45:40', '2021-03-25 19:45:44', NULL, 'Benleong22', 0),
(198, 58, 2, '2021-03-25 19:45:40', '2021-03-25 19:45:43', '2021-04-28 19:21:46', 'Benleong22', 0),
(199, 58, 2, '2021-03-25 19:46:12', '2021-03-25 20:00:01', '2021-04-28 19:21:54', 'admin', 6000),
(200, 40, 4, '2021-03-26 15:24:53', '0000-00-00 00:00:00', '2021-03-26 15:43:25', '', 661050),
(201, 40, 3, '2021-04-13 16:08:41', '2021-04-26 15:10:29', NULL, 'admin', 1500),
(202, 40, 3, '2021-04-14 13:07:51', '2021-04-26 15:10:32', NULL, 'admin', 9550),
(203, 40, 3, '2021-04-14 13:08:00', '2021-04-26 15:10:25', NULL, 'admin', 7075),
(204, 40, 3, '2021-04-14 13:08:07', '2021-04-26 15:10:19', '2021-04-14 13:09:17', 'admin', 3375),
(205, 59, 3, '2021-04-26 14:26:40', '2021-04-26 15:13:05', NULL, 'admin', 9375),
(206, 59, 2, '2021-04-26 14:58:01', '0000-00-00 00:00:00', '2021-04-28 19:21:40', '', 1),
(207, 59, 2, '2021-04-26 14:58:13', '0000-00-00 00:00:00', '2021-04-26 15:10:12', '', 3375),
(208, 59, 3, '2021-04-26 14:58:22', '2021-04-26 15:13:01', NULL, 'admin', 40075),
(209, 60, 2, '2021-04-28 13:09:34', '0000-00-00 00:00:00', '2021-04-28 13:10:25', '', 1),
(210, 60, 2, '2021-04-28 13:49:35', '0000-00-00 00:00:00', '2021-04-28 13:50:28', '', 6000),
(211, 60, 3, '2021-04-28 13:49:48', '2021-04-28 19:19:21', NULL, 'admin', 47250),
(212, 25, 2, '2021-04-28 17:52:15', '0000-00-00 00:00:00', '2021-04-28 19:19:15', '', 6000),
(213, 63, 3, '2021-04-28 17:54:16', '2021-04-28 19:16:41', NULL, 'admin', 16600),
(214, 63, 2, '2021-04-28 17:54:27', '0000-00-00 00:00:00', '2021-04-28 19:11:19', '', 61600),
(215, 63, 3, '2021-04-28 17:54:36', '2021-04-28 19:16:37', NULL, 'admin', 34350),
(216, 60, 3, '2021-04-28 19:27:27', '2021-04-28 19:27:33', NULL, 'Calana123456789', 148000),
(217, 60, 4, '2021-04-28 19:35:48', '0000-00-00 00:00:00', NULL, '', 9375),
(218, 60, 2, '2021-04-28 19:35:56', '0000-00-00 00:00:00', NULL, '', 4600),
(219, 501, 2, '2021-04-30 10:04:45', '0000-00-00 00:00:00', '2021-04-30 10:05:26', '', 1);

-- --------------------------------------------------------

--
-- 表的结构 `purchaseproducts`
--

CREATE TABLE `purchaseproducts` (
  `p_id` int(8) NOT NULL,
  `PNo` int(8) NOT NULL,
  `quantity` int(6) NOT NULL,
  `price` double NOT NULL,
  `rate` double NOT NULL,
  `comment` text NOT NULL,
  `com_date` datetime NOT NULL,
  `pp_subtotal` double NOT NULL
) ENGINE=InnoDB DEFAULT CHARSET=utf8mb4;

--
-- 转存表中的数据 `purchaseproducts`
--

INSERT INTO `purchaseproducts` (`p_id`, `PNo`, `quantity`, `price`, `rate`, `comment`, `com_date`, `pp_subtotal`) VALUES
(1, 77, 125, 1, 2, 'I absolutely love my new iPhone XS! It arrived on time and practically brand new. The battery health is at 95% so it??s practically a brand new battery in here. It??s a very beautiful looking phone and is very responsive especially with the face recognition. That works very well even in low light settings, or if you have sunglasses and a hat on. I was surprised at how accurate that was. The battery lasts all day easily and I??ve hardly had any issues with apps crashing or anything like that.', '2020-12-02 09:02:02', 125),
(1, 145, 1, 1, 2, 'Phone was in perfect condition and works great but came without EarPods and the the lightning to earphone jack adapter that is pictured with ??what??s in the box??. If you must replace these, the $20 open box discount is not worth it. If I did not already have Bluetooth headphones, and received Amazon Visa discount points, I would have returned.', '2021-01-04 16:45:03', 1),
(1, 156, 1, 1, 5, 'Suddenly Wifi is not working properly and i could see phone feels hot with calls dropping abruptly . I am really not sure of what to do .', '2021-01-20 09:11:31', 1),
(1, 169, 1, 1, 5, 'First off I??m going to say that I recieved and iPhone xs MAX, not the standard xs like it??s advertised. Not a big deal to me, but it might be to some people. Also as the other review states, it comes with a charger but not the headphones or the headphone adapter.', '2020-10-28 08:08:53', 1),
(1, 173, 1, 1, 4, 'No vale la pena. El producto est? bonito est?ticamente pero su display trae ??fantasma?? es decir que el oled est? da?ado y la bater?a que tra?a no es original (es una bater?a pirata)', '2021-01-19 05:22:44', 1),
(1, 181, 9, 1, 5, 'La bateria se acaba muy r?pido', '2021-01-13 22:35:57', 9),
(1, 185, 1, 1, 4, 'Pretty sure the reviews of it smells like poop are kids that can\'t afford this don\'t listen to them iPhone 11 is a great phone', '2020-10-20 03:18:18', 1),
(1, 189, 1, 1, 2, 'very good', '2020-11-12 12:23:51', 1),
(1, 206, 1, 1, 0, '', '0000-00-00 00:00:00', 1),
(1, 209, 1, 1, 4, '123<br>', '2021-04-28 13:49:08', 1),
(1, 219, 1, 1, 5, 'Calana test<br>', '2021-04-30 10:06:55', 1),
(2, 60, 50, 6000, 3, 'excellent', '2020-12-31 17:31:07', 300000),
(2, 62, 50, 6000, 1, 'fine', '2020-12-02 06:09:22', 300000),
(2, 63, 50, 6000, 5, 'awesome', '2020-11-08 01:50:03', 300000),
(2, 64, 50, 6000, 5, 'excellent', '2020-12-02 00:19:27', 300000),
(2, 65, 50, 6000, 5, 'fine', '2021-02-06 06:07:42', 300000),
(2, 66, 50, 6000, 2, 'Not too bad, had an issue activating but customer service was very helpful.', '2020-10-09 12:17:23', 300000),
(2, 67, 50, 6000, 1, '11', '2020-10-18 04:25:13', 300000),
(2, 68, 50, 6000, 2, '123', '2020-12-09 04:12:28', 300000),
(2, 74, 50, 6000, 2, 'very good', '2020-10-15 11:29:19', 300000),
(2, 78, 51, 6000, 4, 'fine', '2020-11-29 22:35:38', 306000),
(2, 81, 1, 6000, 1, 'fine', '2020-10-11 07:29:59', 6000),
(2, 84, 1, 6000, 4, 'fine', '2021-01-05 04:02:22', 6000),
(2, 90, 1, 6000, 5, 'awesome', '2021-01-16 03:03:36', 6000),
(2, 156, 1, 6000, 5, 'fine', '2020-11-12 17:45:03', 6000),
(2, 162, 6, 6000, 2, 'fine', '2021-01-18 10:13:47', 36000),
(2, 164, 12, 6000, 1, 'very good', '2020-10-19 21:25:05', 72000),
(2, 166, 1, 6000, 3, 'fine', '2020-10-02 03:36:06', 6000),
(2, 170, 1, 6000, 5, 'fine', '2021-01-22 04:36:44', 6000),
(2, 173, 1, 6000, 4, 'fine', '2020-12-19 22:37:58', 6000),
(2, 174, 1, 6000, 2, 'awesome', '2021-01-20 01:09:13', 6000),
(2, 179, 1, 6000, 4, 'fine', '2020-10-01 21:13:41', 6000),
(2, 182, 5, 6000, 5, 'excellent', '2021-01-09 03:07:39', 30000),
(2, 184, 1, 6000, 5, 'fine', '2020-10-24 20:24:34', 6000),
(2, 194, 1, 6000, 3, 'fine', '2020-11-17 02:42:44', 6000),
(2, 196, 1, 6000, 3, 'fine', '2020-10-15 04:32:04', 6000),
(2, 199, 1, 6000, 3, '1', '2020-11-19 09:18:07', 6000),
(2, 200, 1, 6000, 2, '234564653413<br>', '2021-02-08 17:48:47', 6000),
(2, 205, 1, 6000, 0, '', '0000-00-00 00:00:00', 6000),
(2, 210, 1, 6000, 0, '', '0000-00-00 00:00:00', 6000),
(2, 212, 1, 6000, 0, '', '0000-00-00 00:00:00', 6000),
(2, 213, 1, 6000, 0, '', '0000-00-00 00:00:00', 6000),
(2, 216, 10, 6000, 0, '', '0000-00-00 00:00:00', 60000),
(2, 217, 1, 6000, 0, '', '0000-00-00 00:00:00', 6000),
(3, 75, 5, 8800, 5, 'fine', '2020-11-07 07:37:12', 44000),
(3, 77, 311, 8800, 5, '123', '2020-10-08 23:27:13', 2736800),
(3, 81, 1, 8800, 1, 'excellent', '2020-10-02 13:14:34', 8800),
(3, 90, 1, 8800, 4, 'fine', '2021-01-10 06:33:00', 8800),
(3, 91, 1, 8800, 5, 'awesome', '2020-10-01 11:16:56', 8800),
(3, 147, 1, 8800, 2, 'fine', '2020-10-09 18:54:46', 8800),
(3, 155, 1, 8800, 2, 'awesome', '2021-01-28 23:17:52', 8800),
(3, 163, 123, 8800, 3, 'Not too bad, had an issue activating but customer service was very helpful.', '2020-12-02 19:14:42', 1082400),
(3, 164, 7, 8800, 1, 'fine', '2021-02-02 13:10:00', 61600),
(3, 166, 1, 8800, 1, 'awesome', '2020-11-22 07:54:40', 8800),
(3, 167, 1, 8800, 1, 'fine', '2020-11-17 09:01:15', 8800),
(3, 170, 1, 8800, 1, 'very good', '2021-02-02 08:59:45', 8800),
(3, 173, 1, 8800, 1, 'fine', '2020-12-15 09:52:16', 8800),
(3, 176, 1, 8800, 5, 'fine', '2020-11-29 12:17:05', 8800),
(3, 182, 6, 8800, 5, 'excellent', '2020-11-01 12:48:38', 52800),
(3, 183, 4, 8800, 1, 'fine', '2020-12-11 10:06:42', 35200),
(3, 186, 2, 8800, 1, 'fine', '2021-02-06 19:37:58', 17600),
(3, 195, 1, 8800, 4, '123', '2020-12-22 07:19:30', 8800),
(3, 200, 1, 8800, 5, 'iPhone 12 Pro Max (128GB) Very good lor\n', '2020-12-14 00:05:40', 8800),
(3, 214, 7, 8800, 0, '', '0000-00-00 00:00:00', 61600),
(3, 216, 10, 8800, 0, '', '0000-00-00 00:00:00', 88000),
(4, 68, 50, 8175, 1, '123', '2020-10-09 21:58:33', 408750),
(4, 73, 0, 8175, 3, 'Not too bad, had an issue activating but customer service was very helpful.', '2020-10-14 01:14:33', 0),
(4, 76, 27, 8175, 1, 'awesome', '2020-10-13 11:17:50', 220725),
(4, 78, 10, 8175, 3, 'fine', '2021-01-05 08:23:21', 81750),
(4, 147, 1, 8175, 4, 'awesome', '2021-01-23 14:53:44', 8175),
(4, 168, 4, 8175, 2, 'fine', '2020-11-06 12:25:00', 32700),
(4, 170, 1, 8175, 4, 'Not too bad, had an issue activating but customer service was very helpful.', '2021-02-01 21:09:10', 8175),
(4, 172, 1, 8175, 3, 'fine', '2020-11-10 06:20:32', 8175),
(4, 173, 1, 8175, 3, 'Not too bad, had an issue activating but customer service was very helpful.', '2020-11-02 09:34:05', 8175),
(4, 175, 14, 8175, 2, 'very good', '2021-02-02 03:48:49', 114450),
(5, 74, 3, 9550, 1, '', '2021-01-21 04:28:20', 28650),
(5, 157, 10, 9550, 1, 'awesome', '2021-01-01 13:03:17', 95500),
(5, 164, 8, 9550, 2, 'excellent', '2020-12-31 19:01:21', 76400),
(5, 191, 1, 9550, 1, 'fine', '2021-02-04 17:05:40', 9550),
(5, 200, 50, 9550, 5, 'iPhone 12 Pro Max (256GB) very good<br>', '2020-12-22 15:29:08', 477500),
(5, 202, 1, 9550, 0, '', '0000-00-00 00:00:00', 9550),
(6, 63, 50, 3375, 5, 'fine', '2020-10-09 08:38:54', 168750),
(6, 65, 50, 3375, 1, 'Not too bad, had an issue activating but customer service was very helpful.', '2020-12-02 16:43:05', 168750),
(6, 79, 10, 3375, 1, 'awesome', '2021-01-03 18:50:46', 33750),
(6, 162, 1, 3375, 1, 'fine', '2020-12-17 05:02:04', 3375),
(6, 171, 1, 3375, 4, 'fine', '2021-01-29 08:15:37', 3375),
(6, 187, 1, 3375, 2, 'Not too bad, had an issue activating but customer service was very helpful.', '2020-12-17 15:14:44', 3375),
(6, 192, 1, 3375, 1, 'fine', '2020-10-11 06:03:44', 3375),
(6, 200, 50, 3375, 5, 'asdfasdfsdaf', '2020-11-20 06:48:28', 168750),
(6, 204, 1, 3375, 5, 'Good !!!!!<br>', '2021-04-25 19:34:37', 3375),
(6, 205, 1, 3375, 0, '', '0000-00-00 00:00:00', 3375),
(6, 207, 1, 3375, 0, '', '0000-00-00 00:00:00', 3375),
(6, 213, 1, 3375, 0, '', '0000-00-00 00:00:00', 3375),
(6, 217, 1, 3375, 0, '', '0000-00-00 00:00:00', 3375),
(7, 61, 50, 5725, 4, 'excellent', '2020-10-05 00:53:12', 286250),
(7, 64, 50, 5725, 5, 'Not too bad, had an issue activating but customer service was very helpful.', '2020-10-28 12:39:07', 286250),
(7, 76, 20, 5725, 2, 'fine', '2021-01-08 04:19:18', 114500),
(7, 78, 20, 5725, 3, 'awesome', '2020-12-10 15:14:03', 114500),
(7, 157, 10, 5725, 3, 'fine', '2020-11-24 08:04:28', 57250),
(7, 186, 1, 5725, 5, 'fine', '2021-01-01 18:11:04', 5725),
(7, 193, 1, 5725, 4, 'Not too bad, had an issue activating but customer service was very helpful.', '2020-10-23 22:53:07', 5725),
(7, 208, 7, 5725, 0, '', '0000-00-00 00:00:00', 40075),
(7, 215, 6, 5725, 0, '', '0000-00-00 00:00:00', 34350),
(8, 64, 50, 4600, 5, 'very good', '2020-10-06 09:23:15', 230000),
(8, 75, 3, 4600, 5, 'fine', '2020-12-17 09:28:20', 13800),
(8, 168, 150, 4600, 5, 'fine', '2020-12-27 06:48:41', 690000),
(8, 171, 6, 4600, 3, 'excellent', '2020-10-13 12:10:08', 27600),
(8, 218, 1, 4600, 3, '123123<br>', '2021-04-28 19:37:09', 4600),
(9, 61, 50, 8625, 4, 'fine', '2020-12-17 19:44:52', 431250),
(9, 80, 20, 8625, 2, 'fine', '2020-10-17 23:33:52', 172500),
(9, 157, 1, 8625, 1, 'Not too bad, had an issue activating but customer service was very helpful.', '2021-01-27 06:13:03', 8625),
(9, 187, 1, 8625, 5, 'fine', '2020-10-03 04:27:34', 8625),
(9, 190, 1, 8625, 3, 'fine', '2021-01-24 17:09:54', 8625),
(10, 69, 50, 5925, 3, 'Not too bad, had an issue activating but customer service was very helpful.', '2020-10-13 20:18:33', 296250),
(10, 75, 6, 5925, 5, 'fine', '2020-10-12 00:47:37', 35550),
(11, 69, 40, 7225, 1, 'awesome', '2021-02-04 00:14:56', 289000),
(11, 213, 1, 7225, 0, '', '0000-00-00 00:00:00', 7225),
(13, 70, 50, 4625, 1, 'fine', '2021-02-07 22:34:13', 231250),
(15, 69, 20, 9750, 3, 'fine', '2020-12-06 18:37:22', 195000),
(18, 69, 50, 6325, 3, 'Not too bad, had an issue activating but customer service was very helpful.', '2020-12-31 19:11:16', 316250),
(20, 69, 10, 5850, 5, 'fine', '2020-11-17 15:33:09', 58500),
(28, 203, 1, 7075, 0, '', '0000-00-00 00:00:00', 7075),
(29, 211, 7, 6750, 0, '', '0000-00-00 00:00:00', 47250),
(35, 188, 1, 1475, 3, 'very good', '2020-12-08 23:46:45', 1475),
(42, 190, 1, 2200, 5, 'fine', '2021-01-05 00:30:51', 2200),
(46, 201, 1, 1500, 5, '123456123456123456123456123456123456123456123456123456123456123456123456123456123456123456123456123456123456123456123456123456123456123456123456123456123456123456123456123456123456123456123456123456123456123456123456123456<br>', '2021-04-13 16:09:46', 1500),
(48, 180, 1, 1, 1, 'fine', '2020-12-16 07:56:56', 1),
(49, 162, 1, 3, 1, 'very good', '2020-10-11 04:48:37', 3),
(52, 70, 123, 1464, 2, 'fine', '2020-12-23 08:14:09', 180072),
(55, 72, 50, 877, 1, 'excellent', '2020-11-03 01:47:53', 43850),
(56, 173, 1, 0, 4, 'awesome', '2020-12-26 10:49:34', 0),
(56, 205, 1, 0, 0, '', '0000-00-00 00:00:00', 0),
(57, 177, 2, 0, 3, 'fine', '2020-10-02 20:08:25', 0),
(57, 178, 1, 0, 1, 'very good', '2020-10-09 04:20:09', 0),
(58, 188, 1, 0, 4, 'fantastic', '2020-10-30 02:49:57', 0),
(59, 71, 50, 0, 3, 'Not too bad, had an issue activating but customer service was very helpful.', '2020-11-21 08:13:58', 0);

-- --------------------------------------------------------

--
-- 表的结构 `shoppingcart`
--

CREATE TABLE `shoppingcart` (
  `u_id` int(8) NOT NULL,
  `p_id` int(8) NOT NULL,
  `quantity` int(6) NOT NULL,
  `addDate` datetime NOT NULL
) ENGINE=InnoDB DEFAULT CHARSET=utf8mb4;

--
-- 转存表中的数据 `shoppingcart`
--

INSERT INTO `shoppingcart` (`u_id`, `p_id`, `quantity`, `addDate`) VALUES
(17, 8, 23, '2021-02-27 14:47:42'),
(30, 3, 59, '2021-03-05 18:37:08'),
(30, 6, 50, '2021-03-05 18:37:14'),
(31, 1, 123, '2021-03-05 18:59:06'),
(31, 6, 12342, '2021-03-05 19:48:22'),
(31, 10, 1232321, '2021-03-05 19:48:27'),
(40, 1, 1, '2021-04-25 17:33:17'),
(54, 1, 1, '2021-03-16 20:09:17');

-- --------------------------------------------------------

--
-- 表的结构 `user`
--

CREATE TABLE `user` (
  `u_id` int(8) NOT NULL,
  `name` text NOT NULL,
  `email` text NOT NULL,
  `password` text NOT NULL,
  `address` text NOT NULL
) ENGINE=InnoDB DEFAULT CHARSET=utf8mb4;

--
-- 转存表中的数据 `user`
--

INSERT INTO `user` (`u_id`, `name`, `email`, `password`, `address`) VALUES
(24, 'ilovecalana', 'ilovecalana@gmail.com', '$2y$12$TCroAgxoui7jdhnjgJYcuehmBpXVy8jK1aKBoXGOGfkBmbqaJ2RMq', 'asdfadsf'),
(25, 'BenLeong', '123@q.com', '$2y$12$GlSr5GpJIoiDiz6jZzQDeeFCDy.P8Bkt1A7LUBgGWgGASVTtWYG8q', '123sadf'),
(26, 'BenLeong', 'BenLeong@qq.com', '$2y$12$bqS.pHInpW49YBj7C/Cc6.CFfJRdBQMCPhGMJsNl8aiILN6mArARC', 'BenLeong'),
(27, 'BenLeong1111', '2341234@q.com', '$2y$12$aJktgqiAeqoGdbUrWbqPDetTNo7e3xA3uL.EKv2SZKWPBTEOfm9.2', 'asdfasdf'),
(28, 'BenLeong', '123@q.com', '$2y$12$wirmjCjfhTTeDaqEkloghe4G48KyhunczOj3hWjdWp6TZWyF.lbYm', '123sadf'),
(29, 'BenLeong12345', '123@q.com', '$2y$12$N/xOFNwWeEeBB6Tor808EuwRmhuBeSRWzrpvcmzZB5tNdn9MnKzlG', '123sadf'),
(30, 'Calana', 'asdfsdaf@qq.com', '$2y$12$ILOw3zcyZyMmpT659qb0r.KR.d6Pnp5uHzPrX/fdBi5YZlflJpnOq', 'Calana'),
(31, '1123', '123@q.com', '$2y$12$zw3Z/IRm.dpka3d9puPfdOZs8X0IX7xVHjYpmrQKsvwsfvN3Ws.nS', '123sadf'),
(32, 'ilovetony', '123456@gmail.com', '$2y$12$Ne8idKUTUUEEAD8APx0YbuibHFbhj/Nll.TuDVy6V7xH9qbQZY/n6', '123456'),
(33, 'ilovechi', 'ldsaf@gmail.com', '$2y$12$tF/lCzCbkMDafBtMg62PzO0crx.O1JplnpoOba85p/nYguSM5n85a', '123456'),
(34, 'Calana123', 'Calana123@gmail.com', '$2y$12$TJHAVtcLa8mAs7CuLdx.xOOfvWGwA6Yg7wUetFKwjX84Ea88/L/a.', 'Calana123'),
(36, 'BenLeong', '123@q.com', '$2y$12$MsNd.mZ75a9pVFhIqw1W8uwxrkfP6Y9ZaX.lUTwlZn5F.svO0LIMK', '123sadf'),
(37, 'BenLeong12345', '123456@gmail.com', '$2y$12$1qNwVGaKR7Nd.JkHU9YkuO9bi1OIPIFrQ3ukyMhNo0GqXWVotPtj2', '123456'),
(38, 'BenLeong12213', '123@q.com', '$2y$12$i0V6.FIChkflM65laf79duqpUsZNqUg7IXa5lF45PIm527a.v6NVO', '123sadf'),
(39, 'BenLeong12213', '123@q.com', '$2y$12$F0YS6lDoI6Q8F6EtnkKtves7uKBOZbD0ijvDrnvljKVfQMNy0IVP.', '123sadf'),
(40, 'BenLeong12123', '123456@gmail.com', '$2y$12$fosF3wXuXY38DIAhoxLmre53Rhuq.XK6G7P.bh.4hAlK/I1Pn4JWK', '123456123'),
(41, 'BenLeong12123', '123@q.com', '$2y$12$cPQxrsdYhkt152fAcjwVtuPJTF9aQD8VciJ7VS5564Ebckmfj7Rji', '123sadf123'),
(42, 'BenLeong12123', '', '$2y$12$03ydEqUarSLOBd8KS.fi.O3lMDYhz7FsRWLZualEX8xJSefIMOeOO', '123sadf123'),
(43, 'BenLeong12123123', '123@q.com', '$2y$12$rhvFDzag8hrQ5q7vz9Ba7OiNghvk31xq/Zha1CrZHd2wWXKMJyyWm', '123sadf123'),
(44, 'sdafasdf', '231@q.cxom', '$2y$12$18p3mOnTTNtY3s2pwGA94eSNxdeBpA3CsJiJEvDDAoAhxGR/NARgm', '12345645'),
(45, '123123', '123123@q.com', '$2y$12$jMoOSl6YpCYy1xVIj9Dow.lDQEw2wpTYDHT8fa/n.AAUToDjj0eTW', '123sadf'),
(46, 'Calana123123', '123456@gmail.com', '$2y$12$PA59lzApn1FB.92yCt6hCeuS41hv/d80KYLdx/AtRoB5kMJbsfx1C', '12345612344534563'),
(47, 'aaa123', '111@gmail.com', '$2y$12$FGAxYRSQOfznuF0YT27dnubrw7scf7Y8iIB3iUj3vtJjbTf7Rie0y', '111123'),
(48, '123123a', '123456@gmail.com', '$2y$12$I9Ng88K4apGFSreCjxMyt.LBkVy0mJ.dDO/jfmsB5bJrOrBLUiMRi', '123456'),
(51, 'admin', '123@q.com', '$2y$12$etgn4BuerV2M7d3yhF6OseB42dk2qq8w2Cu6Ff1hBJNASlIK3y6Om', '123sadf'),
(52, 'djsalkfjkl', 'sdaf@gmail.com', '$2y$12$t1Gl5K9NNrz9CGnCaTOVwuw63FQ90Gv0HJVkuVHkXLCtjgKpq3mWe', 'dsafsadf'),
(53, 'djsalkfjkl', 'sdaf@gmail.com', '$2y$12$wgmUeTGXpdZFEUoVi6uLfupu1RDoy/rP6BlO0uBxs1WQMg4.UNSxG', 'dsafsadf'),
(54, 'djsalkfjkladsf', 'sdaf@gmail.com', '$2y$12$UnWiXzgiSWGPbI7r9X5UxOGHmmGNRmr/kEMQWWk/J4tELEE7yWqBO', 'dsafsadf'),
(55, 'kv', 'kv@kv.com', '$2y$12$JVem7NhJLvI0KCa7N/0zvO8gQb4z.FAxhHVCV1M/vD/7cr4HZqWfS', 'm'),
(56, 'BenL', 'BL@gamil.com', '$2y$12$vudw6IzIehhEMcM.V5BApOeKzoMCD2yWv47h3lseMNFIogHwztwoS', 'asdkljfklasdf'),
(57, 'admin', 'sdaf@gmail.com', '$2y$12$P2qDC1b1ktn.wuUl9cbNHuYoTJhMKjLav48WGHhRCyk1C2ubhCZsO', 'sdaf'),
(58, 'Benleong22', 'sdaf@gmail.com', '$2y$12$NOc4.pHAIlc50IoCJuIn2.fZ7fNjvAO.IycIcdXJ1ThajTmdQAidS', 'sdafkl'),
(59, 'BenLeong1222', '123456@qjklewjqf.com', '$2y$12$l.9sYHADAcBx6sOtSZaw4u8dZNVDLFAmwn39e7xTGMxEEF4k54U7m', '123'),
(60, 'Calana123456789', 'Calana123456789@gmail.com', '$2y$12$JEkzmzpmN8Q69CvlOS44rOCq.4kGaR5pmhTz4bBxGBQRaQdUZED0i', '123123'),
(61, 'BenLeong', 'Calana@gmail.com', '$2y$12$0ftizceuN5ZwH48vAWLHV.i78ChGIiwbxJn3JAW4LqyfnR0KGwrvG', 'ASDFASDFSDAF'),
(62, 'BenLeong', 'p1801875@ipm.edu.mo', '$2y$12$nw54SnqB1AT3AJMzLQozuOT6LeawXQ/Y5WnDKuRJDrUxAKk3Gq552', 'SADFASDFSDAF'),
(63, 'BenLeong2000', '123456@qq.com', '$2y$12$ZucORpIqwyVmE0qpghfKGuFvVEZOeRB3ii9YGCbz18bX5xQtKd79S', 'SDAFSADF'),
(64, 'ASDFASDF', 'ASDFKLSJADKL@GMAIL.COM', '$2y$12$fIQlkWwjtdPk8z08rz0Yzu2LJpwbeez82fUHWmm7Efj1.KLkNJ0si', 'DAWF'),
(500, '', '', '', ''),
(501, 'Calana2021', '22@qq.com', '$2y$12$QHoFQZxTO.HVvJpmMwueVuElGwLDrvlcPdhd0Vm0Q6UKwE7QXJrN.', '123');

--
-- 转储表的索引
--

--
-- 表的索引 `brand`
--
ALTER TABLE `brand`
  ADD PRIMARY KEY (`b_id`);

--
-- 表的索引 `category`
--
ALTER TABLE `category`
  ADD PRIMARY KEY (`c_id`);

--
-- 表的索引 `notification`
--
ALTER TABLE `notification`
  ADD PRIMARY KEY (`n_id`),
  ADD KEY `fk_u_id1` (`u_id`),
  ADD KEY `fk_PNo_id` (`PNo`);

--
-- 表的索引 `picture`
--
ALTER TABLE `picture`
  ADD PRIMARY KEY (`pic_id`);

--
-- 表的索引 `product`
--
ALTER TABLE `product`
  ADD PRIMARY KEY (`p_id`),
  ADD KEY `fk_b_id` (`b_id`),
  ADD KEY `fk_c_id` (`c_id`);

--
-- 表的索引 `purchaseorder`
--
ALTER TABLE `purchaseorder`
  ADD PRIMARY KEY (`PNo`),
  ADD KEY `fk_u_id2` (`uID`);

--
-- 表的索引 `purchaseproducts`
--
ALTER TABLE `purchaseproducts`
  ADD PRIMARY KEY (`p_id`,`PNo`),
  ADD KEY `fk_PNO_id1` (`PNo`);

--
-- 表的索引 `shoppingcart`
--
ALTER TABLE `shoppingcart`
  ADD PRIMARY KEY (`u_id`,`p_id`);

--
-- 表的索引 `user`
--
ALTER TABLE `user`
  ADD PRIMARY KEY (`u_id`);

--
-- 在导出的表使用AUTO_INCREMENT
--

--
-- 使用表AUTO_INCREMENT `brand`
--
ALTER TABLE `brand`
  MODIFY `b_id` int(10) NOT NULL AUTO_INCREMENT, AUTO_INCREMENT=10;

--
-- 使用表AUTO_INCREMENT `category`
--
ALTER TABLE `category`
  MODIFY `c_id` int(11) NOT NULL AUTO_INCREMENT, AUTO_INCREMENT=3;

--
-- 使用表AUTO_INCREMENT `notification`
--
ALTER TABLE `notification`
  MODIFY `n_id` int(8) NOT NULL AUTO_INCREMENT, AUTO_INCREMENT=78;

--
-- 使用表AUTO_INCREMENT `picture`
--
ALTER TABLE `picture`
  MODIFY `pic_id` int(8) NOT NULL AUTO_INCREMENT, AUTO_INCREMENT=476;

--
-- 使用表AUTO_INCREMENT `product`
--
ALTER TABLE `product`
  MODIFY `p_id` int(8) NOT NULL AUTO_INCREMENT, AUTO_INCREMENT=348;

--
-- 使用表AUTO_INCREMENT `purchaseorder`
--
ALTER TABLE `purchaseorder`
  MODIFY `PNo` int(8) NOT NULL AUTO_INCREMENT, AUTO_INCREMENT=220;

--
-- 使用表AUTO_INCREMENT `user`
--
ALTER TABLE `user`
  MODIFY `u_id` int(8) NOT NULL AUTO_INCREMENT, AUTO_INCREMENT=502;

--
-- 限制导出的表
--

--
-- 限制表 `notification`
--
ALTER TABLE `notification`
  ADD CONSTRAINT `fk_PNo_id` FOREIGN KEY (`PNo`) REFERENCES `purchaseorder` (`PNo`),
  ADD CONSTRAINT `fk_u_id1` FOREIGN KEY (`u_id`) REFERENCES `user` (`u_id`);
COMMIT;

/*!40101 SET CHARACTER_SET_CLIENT=@OLD_CHARACTER_SET_CLIENT */;
/*!40101 SET CHARACTER_SET_RESULTS=@OLD_CHARACTER_SET_RESULTS */;
/*!40101 SET COLLATION_CONNECTION=@OLD_COLLATION_CONNECTION */;
